Name,Age,City
Grace,25,New York
Xavier,35,Phoenix
Bob,39,Jacksonville
Kabir,44,Jacksonville
Charlie,50,San Antonio
Yara,43,Denver
Mike,42,Washington
Isha,20,Boston
Uma,44,Charlotte
Xavier,35,Philadelphia
Quinn,55,Detroit
Uma,49,Dallas
Victor,42,Indianapolis
Kevin,60,Dallas
Eve,59,Denver
Pam,38,Charlotte
Victor,60,Los Angeles
Ian,28,Phoenix
Grace,40,Houston
Aarav,54,Los Angeles
David,50,Chicago
Julia,54,San Jose
Oscar,52,Dallas
Pam,53,San Antonio
Grace,51,Boston
Tom,54,Philadelphia
Isha,55,Fort Worth
Quinn,20,Indianapolis
Sophia,44,Charlotte
Sophia,43,Los Angeles
Nina,28,Dallas
Kevin,51,Austin
David,23,Dallas
Riya,41,Houston
Zack,54,Philadelphia
Ryan,52,Charlotte
Charlie,31,Columbus
Eve,58,Jacksonville
Kabir,41,San Diego
Ian,56,Charlotte
Hannah,55,Boston
Aarav,27,New York
Wendy,53,New York
Zack,33,Dallas
Xavier,56,Houston
Julia,52,Chicago
Kabir,42,Charlotte
Xavier,59,Dallas
Isha,26,Indianapolis
Quinn,36,Philadelphia
Isha,26,Detroit
Zack,35,Charlotte
Hannah,52,Denver
Kabir,55,San Jose
Isha,38,San Jose
Ian,38,Detroit
Julia,53,Boston
Xavier,21,San Antonio
Eve,29,Detroit
Sophia,47,Boston
Hannah,38,Boston
Victor,39,Detroit
Yara,27,Indianapolis
Laura,59,Phoenix
Isha,28,Austin
Ian,20,New York
Ian,50,Indianapolis
Oscar,58,Austin
Bob,22,Detroit
Julia,55,Jacksonville
Quinn,30,Denver
Ryan,18,Charlotte
Tom,48,Columbus
Nina,25,Houston
Wendy,55,Columbus
Ian,50,Austin
Sophia,20,Washington
Tom,28,Charlotte
Eve,48,Jacksonville
Riya,45,Boston
Oscar,51,Los Angeles
Xavier,30,Charlotte
Ian,44,Phoenix
Kabir,25,San Jose
Kabir,40,Dallas
Riya,41,Detroit
Grace,43,Los Angeles
Pam,33,Los Angeles
Riya,59,Columbus
Eve,27,Philadelphia
Hannah,32,Denver
Bob,55,Denver
Quinn,25,Indianapolis
Laura,26,Philadelphia
Pam,44,Detroit
David,53,Fort Worth
Yara,25,Fort Worth
Victor,24,Dallas
Charlie,18,San Diego
Isha,31,Denver
Uma,38,Phoenix
Aarav,23,Columbus
Kevin,46,Detroit
Tom,39,Columbus
Oscar,30,Philadelphia
Uma,30,Indianapolis
Hannah,19,Dallas
Ian,36,Denver
Julia,22,Houston
Bob,39,Washington
Victor,32,Detroit
Kevin,51,Phoenix
Hannah,59,Austin
Eve,19,San Diego
Grace,35,Columbus
Quinn,56,Boston
Riya,45,San Jose
Eve,38,Washington
Laura,23,Boston
Ryan,20,Chicago
Charlie,46,San Jose
Wendy,30,Los Angeles
Uma,35,Charlotte
Grace,30,San Jose
Eve,23,Jacksonville
Alice,18,Dallas
Quinn,53,Chicago
Aarav,59,Washington
Tom,54,San Antonio
Frank,49,Los Angeles
Nina,23,Austin
Laura,22,Philadelphia
Ian,38,San Jose
Frank,43,Boston
Kabir,41,Washington
Quinn,36,Dallas
Grace,19,Washington
Aarav,21,San Antonio
Zack,31,Dallas
Zack,46,Fort Worth
Aarav,31,San Jose
Charlie,44,Austin
Aarav,55,Boston
Kevin,39,Dallas
Oscar,48,Charlotte
Hannah,47,Los Angeles
Kevin,59,Dallas
Bob,32,San Antonio
Zack,29,Fort Worth
Yara,36,Detroit
Frank,32,Detroit
Ian,37,Philadelphia
Isha,53,Houston
Mike,19,Washington
Victor,51,Charlotte
Yara,19,Washington
Laura,60,San Antonio
Frank,27,Los Angeles
Tom,48,San Jose
Aarav,53,Los Angeles
Xavier,42,Columbus
Oscar,60,Jacksonville
Yara,46,Fort Worth
Kabir,18,Dallas
Isha,38,San Jose
Riya,30,San Jose
Kabir,29,Denver
Grace,31,Jacksonville
Grace,38,Columbus
Oscar,27,New York
Pam,46,Jacksonville
Charlie,53,Denver
Nina,33,Houston
Alice,37,Philadelphia
Hannah,35,Fort Worth
Alice,58,Washington
Oscar,29,Columbus
Xavier,34,Washington
Frank,43,San Diego
Ian,43,Fort Worth
Aarav,27,Houston
David,24,Columbus
Isha,47,Chicago
Riya,54,Indianapolis
Charlie,51,San Antonio
Bob,42,Columbus
Pam,25,Indianapolis
Grace,22,Dallas
Wendy,36,Columbus
Charlie,49,Houston
Pam,43,Fort Worth
Sophia,48,Washington
Ryan,41,Charlotte
Nina,18,Washington
Charlie,40,Austin
Frank,53,Columbus
Xavier,18,San Diego
Frank,44,San Jose
Zack,53,San Jose
Pam,56,Chicago
Aarav,24,Fort Worth
Mike,26,Houston
David,47,Detroit
Ryan,38,Phoenix
Quinn,18,Austin
Kabir,24,San Antonio
Mike,32,Chicago
Quinn,18,Austin
Ian,55,San Jose
Julia,26,Jacksonville
Oscar,45,San Diego
Sophia,39,Detroit
Aarav,58,San Diego
Pam,49,New York
Aarav,55,Columbus
Uma,56,San Diego
Sophia,19,San Antonio
Isha,25,Detroit
Xavier,49,Fort Worth
Uma,51,Fort Worth
Bob,31,Chicago
Ryan,42,Charlotte
Frank,56,Dallas
Eve,37,San Jose
Pam,21,Chicago
Uma,56,Austin
Pam,60,Indianapolis
Ian,54,Houston
Kevin,18,New York
Kevin,44,Detroit
Kevin,50,Phoenix
David,58,Phoenix
Julia,50,Detroit
Laura,23,San Antonio
Xavier,27,Los Angeles
Aarav,58,New York
Grace,36,Detroit
Zack,28,San Jose
Frank,33,Denver
Zack,42,Austin
David,51,San Diego
Tom,42,New York
Isha,44,New York
Bob,32,Denver
Isha,20,Denver
Yara,22,Jacksonville
Eve,23,Chicago
Charlie,44,Philadelphia
Victor,44,Fort Worth
Grace,57,San Jose
Aarav,35,Houston
Charlie,29,Houston
Grace,18,Fort Worth
Bob,26,Chicago
Kabir,29,Columbus
Hannah,28,Dallas
Pam,25,Philadelphia
Riya,55,Fort Worth
Kabir,25,Fort Worth
Eve,27,Houston
Charlie,44,Austin
Quinn,38,Washington
Charlie,23,Boston
Yara,47,Houston
Charlie,50,San Diego
David,44,San Antonio
Kabir,40,Jacksonville
Eve,28,Fort Worth
David,36,Austin
Tom,59,Chicago
Bob,42,Austin
Laura,36,Dallas
Xavier,44,Fort Worth
Laura,25,Phoenix
Pam,26,San Jose
Ian,49,Boston
Julia,57,Charlotte
Riya,26,Los Angeles
Charlie,52,Houston
Alice,18,Jacksonville
Ryan,24,San Jose
Nina,27,San Diego
Yara,36,Columbus
Frank,41,Boston
Grace,58,Indianapolis
Sophia,52,Columbus
Mike,50,Detroit
Alice,28,San Jose
Mike,49,Dallas
Quinn,46,Dallas
Tom,30,Los Angeles
Frank,30,Washington
Aarav,55,Chicago
Quinn,55,New York
Ryan,51,Charlotte
Julia,43,San Diego
Yara,21,Indianapolis
Quinn,52,San Antonio
Eve,41,Dallas
Alice,29,Charlotte
Bob,33,San Jose
Pam,19,Austin
Quinn,27,Phoenix
Julia,43,Chicago
Aarav,40,Phoenix
Grace,52,Indianapolis
Ryan,52,Dallas
Eve,54,San Jose
Charlie,58,San Antonio
Wendy,18,Dallas
Wendy,22,Los Angeles
Zack,20,San Antonio
Victor,33,San Jose
Alice,22,Phoenix
Ian,58,Boston
Kevin,36,New York
Yara,32,Dallas
Victor,19,Washington
Julia,32,Houston
Zack,34,Fort Worth
Frank,55,Phoenix
Bob,49,Los Angeles
Nina,44,Austin
Julia,29,Indianapolis
Laura,27,Fort Worth
Julia,60,Indianapolis
Ian,46,Columbus
Mike,33,Dallas
Charlie,33,Austin
Quinn,42,Columbus
Pam,42,Phoenix
Uma,23,Phoenix
Ryan,55,San Antonio
Kevin,42,Philadelphia
David,50,Dallas
Kevin,45,San Antonio
Aarav,28,New York
Yara,18,San Diego
Alice,32,Philadelphia
Sophia,50,Dallas
Isha,28,Denver
Xavier,59,San Jose
Sophia,52,Washington
Alice,54,Detroit
Nina,59,New York
Kevin,38,Phoenix
Uma,53,Phoenix
Mike,60,Jacksonville
Quinn,37,Indianapolis
Eve,23,Phoenix
David,22,Jacksonville
Nina,18,Houston
Laura,19,Philadelphia
Aarav,39,Phoenix
Laura,54,Fort Worth
Pam,52,Philadelphia
Tom,20,Indianapolis
Grace,30,Washington
Uma,26,Detroit
Aarav,54,Charlotte
Oscar,58,San Jose
Kevin,46,San Diego
Frank,18,Boston
Isha,29,San Antonio
Charlie,38,Chicago
Wendy,39,San Diego
Frank,46,New York
Oscar,26,San Jose
Grace,29,Phoenix
Ian,22,San Jose
Kabir,50,Washington
Victor,55,Phoenix
Julia,60,Charlotte
Hannah,26,Denver
Riya,55,Denver
Yara,24,Fort Worth
Hannah,33,San Antonio
Aarav,32,San Jose
Tom,44,Washington
Grace,59,Chicago
Ian,40,Columbus
Laura,45,San Antonio
Zack,27,San Diego
Uma,52,Fort Worth
Isha,47,Charlotte
Zack,54,Detroit
Victor,37,San Antonio
Ryan,35,Detroit
Kevin,55,Los Angeles
Frank,40,Austin
Uma,26,Phoenix
Riya,46,Chicago
Bob,22,San Diego
Ryan,19,Philadelphia
Eve,21,Austin
Hannah,49,Boston
Charlie,20,Austin
Quinn,43,Charlotte
Uma,29,Houston
Frank,35,Houston
Uma,39,New York
Sophia,35,Boston
Frank,25,Denver
Xavier,32,Austin
Julia,38,Fort Worth
Kevin,54,Jacksonville
Tom,39,Chicago
Ryan,57,Fort Worth
Hannah,18,Philadelphia
Aarav,19,Charlotte
Yara,44,San Jose
Hannah,48,Washington
Laura,40,San Jose
Hannah,40,Columbus
David,57,Washington
Kabir,44,Indianapolis
Kabir,40,Detroit
Frank,50,Los Angeles
Zack,21,Detroit
Victor,56,Chicago
Charlie,54,Chicago
Victor,43,Fort Worth
Victor,54,Columbus
Nina,47,Washington
Pam,35,Houston
Kevin,50,Dallas
Riya,38,Dallas
Frank,58,Detroit
Eve,60,Dallas
Tom,18,Fort Worth
Zack,25,San Antonio
Frank,31,Philadelphia
Wendy,37,Denver
Oscar,23,Los Angeles
Julia,40,Phoenix
Alice,36,Boston
Kabir,33,Charlotte
Zack,59,Denver
Hannah,56,Indianapolis
Mike,32,Boston
Charlie,31,Houston
Pam,50,Fort Worth
Riya,28,Philadelphia
Isha,54,Indianapolis
Sophia,60,Denver
Oscar,41,Philadelphia
Wendy,46,Charlotte
Grace,58,Dallas
Kabir,42,Phoenix
Zack,58,Austin
Aarav,34,San Antonio
Bob,19,Detroit
Alice,34,Washington
Pam,26,San Jose
Eve,57,Detroit
Uma,34,San Antonio
Bob,48,San Diego
Pam,30,San Jose
Nina,21,San Diego
Sophia,18,Phoenix
Quinn,52,Austin
Quinn,59,Boston
Uma,35,San Antonio
Frank,57,Los Angeles
Grace,53,Detroit
Aarav,23,San Antonio
Charlie,20,Washington
Ryan,60,San Jose
Pam,46,Denver
Isha,42,Dallas
Ian,38,Chicago
Yara,44,Detroit
Hannah,25,Denver
Xavier,38,San Antonio
Hannah,40,Dallas
Grace,41,Houston
Ian,24,Dallas
Nina,55,Philadelphia
Ryan,31,San Jose
Xavier,59,Fort Worth
Nina,49,Philadelphia
Alice,54,San Jose
Alice,49,Columbus
Zack,47,Austin
Julia,26,Detroit
Charlie,21,Los Angeles
Uma,31,Boston
David,38,Los Angeles
Riya,50,Dallas
David,27,New York
Laura,28,Jacksonville
Eve,51,Columbus
David,60,Philadelphia
Eve,28,Chicago
Aarav,23,Chicago
Alice,36,San Jose
Kabir,23,Indianapolis
Wendy,39,Chicago
Laura,30,Denver
Mike,39,Washington
